accumulo,ACCUMULO-2487_f2920c26.diff,https://github.com/mechtaev/bugs-dot-jar-review/blob/master/accumulo-bugs-dot-jar_ACCUMULO-2487_f2920c26.diff,https://github.com/mechtaev/bugs-dot-jar-review/blob/master/accumulo-bugs-dot-jar_ACCUMULO-2487_f2920c26.yml
accumulo,ACCUMULO-3015_f848178e.diff,https://github.com/mechtaev/bugs-dot-jar-review/blob/master/accumulo-bugs-dot-jar_ACCUMULO-3015_f848178e.diff,https://github.com/mechtaev/bugs-dot-jar-review/blob/master/accumulo-bugs-dot-jar_ACCUMULO-3015_f848178e.yml
accumulo,ACCUMULO-209_76d727f0.diff,https://github.com/mechtaev/bugs-dot-jar-review/blob/master/accumulo-bugs-dot-jar_ACCUMULO-209_76d727f0.diff,https://github.com/mechtaev/bugs-dot-jar-review/blob/master/accumulo-bugs-dot-jar_ACCUMULO-209_76d727f0.yml
accumulo,ACCUMULO-1192_9476b877.diff,https://github.com/mechtaev/bugs-dot-jar-review/blob/master/accumulo-bugs-dot-jar_ACCUMULO-1192_9476b877.diff,https://github.com/mechtaev/bugs-dot-jar-review/blob/master/accumulo-bugs-dot-jar_ACCUMULO-1192_9476b877.yml
accumulo,ACCUMULO-1044_ea2f9856.diff,https://github.com/mechtaev/bugs-dot-jar-review/blob/master/accumulo-bugs-dot-jar_ACCUMULO-1044_ea2f9856.diff,https://github.com/mechtaev/bugs-dot-jar-review/blob/master/accumulo-bugs-dot-jar_ACCUMULO-1044_ea2f9856.yml
accumulo,ACCUMULO-412_be2fdba7.diff,https://github.com/mechtaev/bugs-dot-jar-review/blob/master/accumulo-bugs-dot-jar_ACCUMULO-412_be2fdba7.diff,https://github.com/mechtaev/bugs-dot-jar-review/blob/master/accumulo-bugs-dot-jar_ACCUMULO-412_be2fdba7.yml
accumulo,ACCUMULO-1348_ef0f6ddc.diff,https://github.com/mechtaev/bugs-dot-jar-review/blob/master/accumulo-bugs-dot-jar_ACCUMULO-1348_ef0f6ddc.diff,https://github.com/mechtaev/bugs-dot-jar-review/blob/master/accumulo-bugs-dot-jar_ACCUMULO-1348_ef0f6ddc.yml
accumulo,ACCUMULO-2520_a64151e6.diff,https://github.com/mechtaev/bugs-dot-jar-review/blob/master/accumulo-bugs-dot-jar_ACCUMULO-2520_a64151e6.diff,https://github.com/mechtaev/bugs-dot-jar-review/blob/master/accumulo-bugs-dot-jar_ACCUMULO-2520_a64151e6.yml
accumulo,ACCUMULO-2671_17344890.diff,https://github.com/mechtaev/bugs-dot-jar-review/blob/master/accumulo-bugs-dot-jar_ACCUMULO-2671_17344890.diff,https://github.com/mechtaev/bugs-dot-jar-review/blob/master/accumulo-bugs-dot-jar_ACCUMULO-2671_17344890.yml
accumulo,ACCUMULO-1348_6ff92b12.diff,https://github.com/mechtaev/bugs-dot-jar-review/blob/master/accumulo-bugs-dot-jar_ACCUMULO-1348_6ff92b12.diff,https://github.com/mechtaev/bugs-dot-jar-review/blob/master/accumulo-bugs-dot-jar_ACCUMULO-1348_6ff92b12.yml
accumulo,ACCUMULO-1358_4d10c92f.diff,https://github.com/mechtaev/bugs-dot-jar-review/blob/master/accumulo-bugs-dot-jar_ACCUMULO-1358_4d10c92f.diff,https://github.com/mechtaev/bugs-dot-jar-review/blob/master/accumulo-bugs-dot-jar_ACCUMULO-1358_4d10c92f.yml
accumulo,ACCUMULO-4029_5ca779a0.diff,https://github.com/mechtaev/bugs-dot-jar-review/blob/master/accumulo-bugs-dot-jar_ACCUMULO-4029_5ca779a0.diff,https://github.com/mechtaev/bugs-dot-jar-review/blob/master/accumulo-bugs-dot-jar_ACCUMULO-4029_5ca779a0.yml
accumulo,ACCUMULO-1732_941e3cb1.diff,https://github.com/mechtaev/bugs-dot-jar-review/blob/master/accumulo-bugs-dot-jar_ACCUMULO-1732_941e3cb1.diff,https://github.com/mechtaev/bugs-dot-jar-review/blob/master/accumulo-bugs-dot-jar_ACCUMULO-1732_941e3cb1.yml
accumulo,ACCUMULO-3150_72fd6bec.diff,https://github.com/mechtaev/bugs-dot-jar-review/blob/master/accumulo-bugs-dot-jar_ACCUMULO-3150_72fd6bec.diff,https://github.com/mechtaev/bugs-dot-jar-review/blob/master/accumulo-bugs-dot-jar_ACCUMULO-3150_72fd6bec.yml
accumulo,ACCUMULO-3143_ddd2c3bc.diff,https://github.com/mechtaev/bugs-dot-jar-review/blob/master/accumulo-bugs-dot-jar_ACCUMULO-3143_ddd2c3bc.diff,https://github.com/mechtaev/bugs-dot-jar-review/blob/master/accumulo-bugs-dot-jar_ACCUMULO-3143_ddd2c3bc.yml
accumulo,ACCUMULO-4098_a2c2d38a.diff,https://github.com/mechtaev/bugs-dot-jar-review/blob/master/accumulo-bugs-dot-jar_ACCUMULO-4098_a2c2d38a.diff,https://github.com/mechtaev/bugs-dot-jar-review/blob/master/accumulo-bugs-dot-jar_ACCUMULO-4098_a2c2d38a.yml
accumulo,ACCUMULO-189_6dbbdc21.diff,https://github.com/mechtaev/bugs-dot-jar-review/blob/master/accumulo-bugs-dot-jar_ACCUMULO-189_6dbbdc21.diff,https://github.com/mechtaev/bugs-dot-jar-review/blob/master/accumulo-bugs-dot-jar_ACCUMULO-189_6dbbdc21.yml
accumulo,ACCUMULO-2713_6138a80f.diff,https://github.com/mechtaev/bugs-dot-jar-review/blob/master/accumulo-bugs-dot-jar_ACCUMULO-2713_6138a80f.diff,https://github.com/mechtaev/bugs-dot-jar-review/blob/master/accumulo-bugs-dot-jar_ACCUMULO-2713_6138a80f.yml
accumulo,ACCUMULO-209_397f86f6.diff,https://github.com/mechtaev/bugs-dot-jar-review/blob/master/accumulo-bugs-dot-jar_ACCUMULO-209_397f86f6.diff,https://github.com/mechtaev/bugs-dot-jar-review/blob/master/accumulo-bugs-dot-jar_ACCUMULO-209_397f86f6.yml
accumulo,ACCUMULO-1661_13eb19c2.diff,https://github.com/mechtaev/bugs-dot-jar-review/blob/master/accumulo-bugs-dot-jar_ACCUMULO-1661_13eb19c2.diff,https://github.com/mechtaev/bugs-dot-jar-review/blob/master/accumulo-bugs-dot-jar_ACCUMULO-1661_13eb19c2.yml
camel,CAMEL-3276_205420e2.diff,https://github.com/mechtaev/bugs-dot-jar-review/blob/master/camel-bugs-dot-jar_CAMEL-3276_205420e2.diff,https://github.com/mechtaev/bugs-dot-jar-review/blob/master/camel-bugs-dot-jar_CAMEL-3276_205420e2.yml
camel,CAMEL-5844_e775071b.diff,https://github.com/mechtaev/bugs-dot-jar-review/blob/master/camel-bugs-dot-jar_CAMEL-5844_e775071b.diff,https://github.com/mechtaev/bugs-dot-jar-review/blob/master/camel-bugs-dot-jar_CAMEL-5844_e775071b.yml
camel,CAMEL-9124_9da2c05a.diff,https://github.com/mechtaev/bugs-dot-jar-review/blob/master/camel-bugs-dot-jar_CAMEL-9124_9da2c05a.diff,https://github.com/mechtaev/bugs-dot-jar-review/blob/master/camel-bugs-dot-jar_CAMEL-9124_9da2c05a.yml
camel,CAMEL-3498_b4606700.diff,https://github.com/mechtaev/bugs-dot-jar-review/blob/master/camel-bugs-dot-jar_CAMEL-3498_b4606700.diff,https://github.com/mechtaev/bugs-dot-jar-review/blob/master/camel-bugs-dot-jar_CAMEL-3498_b4606700.yml
camel,CAMEL-9143_08077733.diff,https://github.com/mechtaev/bugs-dot-jar-review/blob/master/camel-bugs-dot-jar_CAMEL-9143_08077733.diff,https://github.com/mechtaev/bugs-dot-jar-review/blob/master/camel-bugs-dot-jar_CAMEL-9143_08077733.yml
camel,CAMEL-7448_35bde2b2.diff,https://github.com/mechtaev/bugs-dot-jar-review/blob/master/camel-bugs-dot-jar_CAMEL-7448_35bde2b2.diff,https://github.com/mechtaev/bugs-dot-jar-review/blob/master/camel-bugs-dot-jar_CAMEL-7448_35bde2b2.yml
camel,CAMEL-7586_1f92fa42.diff,https://github.com/mechtaev/bugs-dot-jar-review/blob/master/camel-bugs-dot-jar_CAMEL-7586_1f92fa42.diff,https://github.com/mechtaev/bugs-dot-jar-review/blob/master/camel-bugs-dot-jar_CAMEL-7586_1f92fa42.yml
camel,CAMEL-6948_f744afd9.diff,https://github.com/mechtaev/bugs-dot-jar-review/blob/master/camel-bugs-dot-jar_CAMEL-6948_f744afd9.diff,https://github.com/mechtaev/bugs-dot-jar-review/blob/master/camel-bugs-dot-jar_CAMEL-6948_f744afd9.yml
camel,CAMEL-7459_57ba1bde.diff,https://github.com/mechtaev/bugs-dot-jar-review/blob/master/camel-bugs-dot-jar_CAMEL-7459_57ba1bde.diff,https://github.com/mechtaev/bugs-dot-jar-review/blob/master/camel-bugs-dot-jar_CAMEL-7459_57ba1bde.yml
camel,CAMEL-3395_8433e6db.diff,https://github.com/mechtaev/bugs-dot-jar-review/blob/master/camel-bugs-dot-jar_CAMEL-3395_8433e6db.diff,https://github.com/mechtaev/bugs-dot-jar-review/blob/master/camel-bugs-dot-jar_CAMEL-3395_8433e6db.yml
camel,CAMEL-7359_9cb09d14.diff,https://github.com/mechtaev/bugs-dot-jar-review/blob/master/camel-bugs-dot-jar_CAMEL-7359_9cb09d14.diff,https://github.com/mechtaev/bugs-dot-jar-review/blob/master/camel-bugs-dot-jar_CAMEL-7359_9cb09d14.yml
camel,CAMEL-7167_1e33fcbc.diff,https://github.com/mechtaev/bugs-dot-jar-review/blob/master/camel-bugs-dot-jar_CAMEL-7167_1e33fcbc.diff,https://github.com/mechtaev/bugs-dot-jar-review/blob/master/camel-bugs-dot-jar_CAMEL-7167_1e33fcbc.yml
camel,CAMEL-3690_2a3f3392.diff,https://github.com/mechtaev/bugs-dot-jar-review/blob/master/camel-bugs-dot-jar_CAMEL-3690_2a3f3392.diff,https://github.com/mechtaev/bugs-dot-jar-review/blob/master/camel-bugs-dot-jar_CAMEL-3690_2a3f3392.yml
camel,CAMEL-6723_b92d6237.diff,https://github.com/mechtaev/bugs-dot-jar-review/blob/master/camel-bugs-dot-jar_CAMEL-6723_b92d6237.diff,https://github.com/mechtaev/bugs-dot-jar-review/blob/master/camel-bugs-dot-jar_CAMEL-6723_b92d6237.yml
camel,CAMEL-3791_52106681.diff,https://github.com/mechtaev/bugs-dot-jar-review/blob/master/camel-bugs-dot-jar_CAMEL-3791_52106681.diff,https://github.com/mechtaev/bugs-dot-jar-review/blob/master/camel-bugs-dot-jar_CAMEL-3791_52106681.yml
camel,CAMEL-7146_b6981cfd.diff,https://github.com/mechtaev/bugs-dot-jar-review/blob/master/camel-bugs-dot-jar_CAMEL-7146_b6981cfd.diff,https://github.com/mechtaev/bugs-dot-jar-review/blob/master/camel-bugs-dot-jar_CAMEL-7146_b6981cfd.yml
camel,CAMEL-7018_3244c1e5.diff,https://github.com/mechtaev/bugs-dot-jar-review/blob/master/camel-bugs-dot-jar_CAMEL-7018_3244c1e5.diff,https://github.com/mechtaev/bugs-dot-jar-review/blob/master/camel-bugs-dot-jar_CAMEL-7018_3244c1e5.yml
camel,CAMEL-5826_a04674f2.diff,https://github.com/mechtaev/bugs-dot-jar-review/blob/master/camel-bugs-dot-jar_CAMEL-5826_a04674f2.diff,https://github.com/mechtaev/bugs-dot-jar-review/blob/master/camel-bugs-dot-jar_CAMEL-5826_a04674f2.yml
camel,CAMEL-6810_6b210169.diff,https://github.com/mechtaev/bugs-dot-jar-review/blob/master/camel-bugs-dot-jar_CAMEL-6810_6b210169.diff,https://github.com/mechtaev/bugs-dot-jar-review/blob/master/camel-bugs-dot-jar_CAMEL-6810_6b210169.yml
camel,CAMEL-6604_55751402.diff,https://github.com/mechtaev/bugs-dot-jar-review/blob/master/camel-bugs-dot-jar_CAMEL-6604_55751402.diff,https://github.com/mechtaev/bugs-dot-jar-review/blob/master/camel-bugs-dot-jar_CAMEL-6604_55751402.yml
camel,CAMEL-9700_4d03e9de.diff,https://github.com/mechtaev/bugs-dot-jar-review/blob/master/camel-bugs-dot-jar_CAMEL-9700_4d03e9de.diff,https://github.com/mechtaev/bugs-dot-jar-review/blob/master/camel-bugs-dot-jar_CAMEL-9700_4d03e9de.yml
camel,CAMEL-6447_020c451a.diff,https://github.com/mechtaev/bugs-dot-jar-review/blob/master/camel-bugs-dot-jar_CAMEL-6447_020c451a.diff,https://github.com/mechtaev/bugs-dot-jar-review/blob/master/camel-bugs-dot-jar_CAMEL-6447_020c451a.yml
camel,CAMEL-6607_2d7051ed.diff,https://github.com/mechtaev/bugs-dot-jar-review/blob/master/camel-bugs-dot-jar_CAMEL-6607_2d7051ed.diff,https://github.com/mechtaev/bugs-dot-jar-review/blob/master/camel-bugs-dot-jar_CAMEL-6607_2d7051ed.yml
camel,CAMEL-7622_faa20255.diff,https://github.com/mechtaev/bugs-dot-jar-review/blob/master/camel-bugs-dot-jar_CAMEL-7622_faa20255.diff,https://github.com/mechtaev/bugs-dot-jar-review/blob/master/camel-bugs-dot-jar_CAMEL-7622_faa20255.yml
camel,CAMEL-9673_7944093f.diff,https://github.com/mechtaev/bugs-dot-jar-review/blob/master/camel-bugs-dot-jar_CAMEL-9673_7944093f.diff,https://github.com/mechtaev/bugs-dot-jar-review/blob/master/camel-bugs-dot-jar_CAMEL-9673_7944093f.yml
camel,CAMEL-9269_62b2042b.diff,https://github.com/mechtaev/bugs-dot-jar-review/blob/master/camel-bugs-dot-jar_CAMEL-9269_62b2042b.diff,https://github.com/mechtaev/bugs-dot-jar-review/blob/master/camel-bugs-dot-jar_CAMEL-9269_62b2042b.yml
camel,CAMEL-7100_00a9b02b.diff,https://github.com/mechtaev/bugs-dot-jar-review/blob/master/camel-bugs-dot-jar_CAMEL-7100_00a9b02b.diff,https://github.com/mechtaev/bugs-dot-jar-review/blob/master/camel-bugs-dot-jar_CAMEL-7100_00a9b02b.yml
camel,CAMEL-7478_69b00a31.diff,https://github.com/mechtaev/bugs-dot-jar-review/blob/master/camel-bugs-dot-jar_CAMEL-7478_69b00a31.diff,https://github.com/mechtaev/bugs-dot-jar-review/blob/master/camel-bugs-dot-jar_CAMEL-7478_69b00a31.yml
camel,CAMEL-7973_799b45df.diff,https://github.com/mechtaev/bugs-dot-jar-review/blob/master/camel-bugs-dot-jar_CAMEL-7973_799b45df.diff,https://github.com/mechtaev/bugs-dot-jar-review/blob/master/camel-bugs-dot-jar_CAMEL-7973_799b45df.yml
camel,CAMEL-4211_4efddb3f.diff,https://github.com/mechtaev/bugs-dot-jar-review/blob/master/camel-bugs-dot-jar_CAMEL-4211_4efddb3f.diff,https://github.com/mechtaev/bugs-dot-jar-review/blob/master/camel-bugs-dot-jar_CAMEL-4211_4efddb3f.yml
camel,CAMEL-7456_02da984a.diff,https://github.com/mechtaev/bugs-dot-jar-review/blob/master/camel-bugs-dot-jar_CAMEL-7456_02da984a.diff,https://github.com/mechtaev/bugs-dot-jar-review/blob/master/camel-bugs-dot-jar_CAMEL-7456_02da984a.yml
camel,CAMEL-7160_095fa2b4.diff,https://github.com/mechtaev/bugs-dot-jar-review/blob/master/camel-bugs-dot-jar_CAMEL-7160_095fa2b4.diff,https://github.com/mechtaev/bugs-dot-jar-review/blob/master/camel-bugs-dot-jar_CAMEL-7160_095fa2b4.yml
camel,CAMEL-7990_d581c4a4.diff,https://github.com/mechtaev/bugs-dot-jar-review/blob/master/camel-bugs-dot-jar_CAMEL-7990_d581c4a4.diff,https://github.com/mechtaev/bugs-dot-jar-review/blob/master/camel-bugs-dot-jar_CAMEL-7990_d581c4a4.yml
commons-math,MATH-1096_faf99727.diff,https://github.com/mechtaev/bugs-dot-jar-review/blob/master/commons-math-bugs-dot-jar_MATH-1096_faf99727.diff,https://github.com/mechtaev/bugs-dot-jar-review/blob/master/commons-math-bugs-dot-jar_MATH-1096_faf99727.yml
commons-math,MATH-891_2b852d79.diff,https://github.com/mechtaev/bugs-dot-jar-review/blob/master/commons-math-bugs-dot-jar_MATH-891_2b852d79.diff,https://github.com/mechtaev/bugs-dot-jar-review/blob/master/commons-math-bugs-dot-jar_MATH-891_2b852d79.yml
commons-math,MATH-338_8dd22390.diff,https://github.com/mechtaev/bugs-dot-jar-review/blob/master/commons-math-bugs-dot-jar_MATH-338_8dd22390.diff,https://github.com/mechtaev/bugs-dot-jar-review/blob/master/commons-math-bugs-dot-jar_MATH-338_8dd22390.yml
commons-math,MATH-1148_4080feff.diff,https://github.com/mechtaev/bugs-dot-jar-review/blob/master/commons-math-bugs-dot-jar_MATH-1148_4080feff.diff,https://github.com/mechtaev/bugs-dot-jar-review/blob/master/commons-math-bugs-dot-jar_MATH-1148_4080feff.yml
commons-math,MATH-705_645d642b.diff,https://github.com/mechtaev/bugs-dot-jar-review/blob/master/commons-math-bugs-dot-jar_MATH-705_645d642b.diff,https://github.com/mechtaev/bugs-dot-jar-review/blob/master/commons-math-bugs-dot-jar_MATH-705_645d642b.yml
commons-math,MATH-554_fbbb96eb.diff,https://github.com/mechtaev/bugs-dot-jar-review/blob/master/commons-math-bugs-dot-jar_MATH-554_fbbb96eb.diff,https://github.com/mechtaev/bugs-dot-jar-review/blob/master/commons-math-bugs-dot-jar_MATH-554_fbbb96eb.yml
commons-math,MATH-722_95d15eff.diff,https://github.com/mechtaev/bugs-dot-jar-review/blob/master/commons-math-bugs-dot-jar_MATH-722_95d15eff.diff,https://github.com/mechtaev/bugs-dot-jar-review/blob/master/commons-math-bugs-dot-jar_MATH-722_95d15eff.yml
commons-math,MATH-1045_c979a6f0.diff,https://github.com/mechtaev/bugs-dot-jar-review/blob/master/commons-math-bugs-dot-jar_MATH-1045_c979a6f0.diff,https://github.com/mechtaev/bugs-dot-jar-review/blob/master/commons-math-bugs-dot-jar_MATH-1045_c979a6f0.yml
commons-math,MATH-434_133cbc2d.diff,https://github.com/mechtaev/bugs-dot-jar-review/blob/master/commons-math-bugs-dot-jar_MATH-434_133cbc2d.diff,https://github.com/mechtaev/bugs-dot-jar-review/blob/master/commons-math-bugs-dot-jar_MATH-434_133cbc2d.yml
commons-math,MATH-934_724795b5.diff,https://github.com/mechtaev/bugs-dot-jar-review/blob/master/commons-math-bugs-dot-jar_MATH-934_724795b5.diff,https://github.com/mechtaev/bugs-dot-jar-review/blob/master/commons-math-bugs-dot-jar_MATH-934_724795b5.yml
commons-math,MATH-727_69273dca.diff,https://github.com/mechtaev/bugs-dot-jar-review/blob/master/commons-math-bugs-dot-jar_MATH-727_69273dca.diff,https://github.com/mechtaev/bugs-dot-jar-review/blob/master/commons-math-bugs-dot-jar_MATH-727_69273dca.yml
commons-math,MATH-924_b07ecae3.diff,https://github.com/mechtaev/bugs-dot-jar-review/blob/master/commons-math-bugs-dot-jar_MATH-924_b07ecae3.diff,https://github.com/mechtaev/bugs-dot-jar-review/blob/master/commons-math-bugs-dot-jar_MATH-924_b07ecae3.yml
commons-math,MATH-1241_471e6b07.diff,https://github.com/mechtaev/bugs-dot-jar-review/blob/master/commons-math-bugs-dot-jar_MATH-1241_471e6b07.diff,https://github.com/mechtaev/bugs-dot-jar-review/blob/master/commons-math-bugs-dot-jar_MATH-1241_471e6b07.yml
commons-math,MATH-1211_a06a1584.diff,https://github.com/mechtaev/bugs-dot-jar-review/blob/master/commons-math-bugs-dot-jar_MATH-1211_a06a1584.diff,https://github.com/mechtaev/bugs-dot-jar-review/blob/master/commons-math-bugs-dot-jar_MATH-1211_a06a1584.yml
commons-math,MATH-1089_e91d0f05.diff,https://github.com/mechtaev/bugs-dot-jar-review/blob/master/commons-math-bugs-dot-jar_MATH-1089_e91d0f05.diff,https://github.com/mechtaev/bugs-dot-jar-review/blob/master/commons-math-bugs-dot-jar_MATH-1089_e91d0f05.yml
commons-math,MATH-1297_56434517.diff,https://github.com/mechtaev/bugs-dot-jar-review/blob/master/commons-math-bugs-dot-jar_MATH-1297_56434517.diff,https://github.com/mechtaev/bugs-dot-jar-review/blob/master/commons-math-bugs-dot-jar_MATH-1297_56434517.yml
commons-math,MATH-290_b01fcc31.diff,https://github.com/mechtaev/bugs-dot-jar-review/blob/master/commons-math-bugs-dot-jar_MATH-290_b01fcc31.diff,https://github.com/mechtaev/bugs-dot-jar-review/blob/master/commons-math-bugs-dot-jar_MATH-290_b01fcc31.yml
commons-math,MATH-377_c640932d.diff,https://github.com/mechtaev/bugs-dot-jar-review/blob/master/commons-math-bugs-dot-jar_MATH-377_c640932d.diff,https://github.com/mechtaev/bugs-dot-jar-review/blob/master/commons-math-bugs-dot-jar_MATH-377_c640932d.yml
commons-math,MATH-1269_a94ff90a.diff,https://github.com/mechtaev/bugs-dot-jar-review/blob/master/commons-math-bugs-dot-jar_MATH-1269_a94ff90a.diff,https://github.com/mechtaev/bugs-dot-jar-review/blob/master/commons-math-bugs-dot-jar_MATH-1269_a94ff90a.yml
commons-math,MATH-414_5fe9b36c.diff,https://github.com/mechtaev/bugs-dot-jar-review/blob/master/commons-math-bugs-dot-jar_MATH-414_5fe9b36c.diff,https://github.com/mechtaev/bugs-dot-jar-review/blob/master/commons-math-bugs-dot-jar_MATH-414_5fe9b36c.yml
commons-math,MATH-327_262fe4c0.diff,https://github.com/mechtaev/bugs-dot-jar-review/blob/master/commons-math-bugs-dot-jar_MATH-327_262fe4c0.diff,https://github.com/mechtaev/bugs-dot-jar-review/blob/master/commons-math-bugs-dot-jar_MATH-327_262fe4c0.yml
commons-math,MATH-1136_cc4ab51e.diff,https://github.com/mechtaev/bugs-dot-jar-review/blob/master/commons-math-bugs-dot-jar_MATH-1136_cc4ab51e.diff,https://github.com/mechtaev/bugs-dot-jar-review/blob/master/commons-math-bugs-dot-jar_MATH-1136_cc4ab51e.yml
commons-math,MATH-938_73605560.diff,https://github.com/mechtaev/bugs-dot-jar-review/blob/master/commons-math-bugs-dot-jar_MATH-938_73605560.diff,https://github.com/mechtaev/bugs-dot-jar-review/blob/master/commons-math-bugs-dot-jar_MATH-938_73605560.yml
commons-math,MATH-1093_7cfbc0da.diff,https://github.com/mechtaev/bugs-dot-jar-review/blob/master/commons-math-bugs-dot-jar_MATH-1093_7cfbc0da.diff,https://github.com/mechtaev/bugs-dot-jar-review/blob/master/commons-math-bugs-dot-jar_MATH-1093_7cfbc0da.yml
commons-math,MATH-1115_2a6c6409.diff,https://github.com/mechtaev/bugs-dot-jar-review/blob/master/commons-math-bugs-dot-jar_MATH-1115_2a6c6409.diff,https://github.com/mechtaev/bugs-dot-jar-review/blob/master/commons-math-bugs-dot-jar_MATH-1115_2a6c6409.yml
commons-math,MATH-1256_41f29780.diff,https://github.com/mechtaev/bugs-dot-jar-review/blob/master/commons-math-bugs-dot-jar_MATH-1256_41f29780.diff,https://github.com/mechtaev/bugs-dot-jar-review/blob/master/commons-math-bugs-dot-jar_MATH-1256_41f29780.yml
commons-math,MATH-1106_e2dc384d.diff,https://github.com/mechtaev/bugs-dot-jar-review/blob/master/commons-math-bugs-dot-jar_MATH-1106_e2dc384d.diff,https://github.com/mechtaev/bugs-dot-jar-review/blob/master/commons-math-bugs-dot-jar_MATH-1106_e2dc384d.yml
commons-math,MATH-329_6dd3724b.diff,https://github.com/mechtaev/bugs-dot-jar-review/blob/master/commons-math-bugs-dot-jar_MATH-329_6dd3724b.diff,https://github.com/mechtaev/bugs-dot-jar-review/blob/master/commons-math-bugs-dot-jar_MATH-329_6dd3724b.yml
commons-math,MATH-413_51aa6e6c.diff,https://github.com/mechtaev/bugs-dot-jar-review/blob/master/commons-math-bugs-dot-jar_MATH-413_51aa6e6c.diff,https://github.com/mechtaev/bugs-dot-jar-review/blob/master/commons-math-bugs-dot-jar_MATH-413_51aa6e6c.yml
commons-math,MATH-1300_1d635088.diff,https://github.com/mechtaev/bugs-dot-jar-review/blob/master/commons-math-bugs-dot-jar_MATH-1300_1d635088.diff,https://github.com/mechtaev/bugs-dot-jar-review/blob/master/commons-math-bugs-dot-jar_MATH-1300_1d635088.yml
commons-math,MATH-836_d7c0f27e.diff,https://github.com/mechtaev/bugs-dot-jar-review/blob/master/commons-math-bugs-dot-jar_MATH-836_d7c0f27e.diff,https://github.com/mechtaev/bugs-dot-jar-review/blob/master/commons-math-bugs-dot-jar_MATH-836_d7c0f27e.yml
commons-math,MATH-724_9c8bb934.diff,https://github.com/mechtaev/bugs-dot-jar-review/blob/master/commons-math-bugs-dot-jar_MATH-724_9c8bb934.diff,https://github.com/mechtaev/bugs-dot-jar-review/blob/master/commons-math-bugs-dot-jar_MATH-724_9c8bb934.yml
commons-math,MATH-555_328513f3.diff,https://github.com/mechtaev/bugs-dot-jar-review/blob/master/commons-math-bugs-dot-jar_MATH-555_328513f3.diff,https://github.com/mechtaev/bugs-dot-jar-review/blob/master/commons-math-bugs-dot-jar_MATH-555_328513f3.yml
flink,FLINK-3760_494212b3.diff,https://github.com/mechtaev/bugs-dot-jar-review/blob/master/flink-bugs-dot-jar_FLINK-3760_494212b3.diff,https://github.com/mechtaev/bugs-dot-jar-review/blob/master/flink-bugs-dot-jar_FLINK-3760_494212b3.yml
flink,FLINK-2800_b654e989.diff,https://github.com/mechtaev/bugs-dot-jar-review/blob/master/flink-bugs-dot-jar_FLINK-2800_b654e989.diff,https://github.com/mechtaev/bugs-dot-jar-review/blob/master/flink-bugs-dot-jar_FLINK-2800_b654e989.yml
flink,FLINK-2121_03340919.diff,https://github.com/mechtaev/bugs-dot-jar-review/blob/master/flink-bugs-dot-jar_FLINK-2121_03340919.diff,https://github.com/mechtaev/bugs-dot-jar-review/blob/master/flink-bugs-dot-jar_FLINK-2121_03340919.yml
flink,FLINK-1382_9cd96df7.diff,https://github.com/mechtaev/bugs-dot-jar-review/blob/master/flink-bugs-dot-jar_FLINK-1382_9cd96df7.diff,https://github.com/mechtaev/bugs-dot-jar-review/blob/master/flink-bugs-dot-jar_FLINK-1382_9cd96df7.yml
flink,FLINK-2707_3e233a38.diff,https://github.com/mechtaev/bugs-dot-jar-review/blob/master/flink-bugs-dot-jar_FLINK-2707_3e233a38.diff,https://github.com/mechtaev/bugs-dot-jar-review/blob/master/flink-bugs-dot-jar_FLINK-2707_3e233a38.yml
flink,FLINK-1496_0a4c7694.diff,https://github.com/mechtaev/bugs-dot-jar-review/blob/master/flink-bugs-dot-jar_FLINK-1496_0a4c7694.diff,https://github.com/mechtaev/bugs-dot-jar-review/blob/master/flink-bugs-dot-jar_FLINK-1496_0a4c7694.yml
flink,FLINK-1437_fb7ce0e3.diff,https://github.com/mechtaev/bugs-dot-jar-review/blob/master/flink-bugs-dot-jar_FLINK-1437_fb7ce0e3.diff,https://github.com/mechtaev/bugs-dot-jar-review/blob/master/flink-bugs-dot-jar_FLINK-1437_fb7ce0e3.yml
flink,FLINK-2074_6bc6dbec.diff,https://github.com/mechtaev/bugs-dot-jar-review/blob/master/flink-bugs-dot-jar_FLINK-2074_6bc6dbec.diff,https://github.com/mechtaev/bugs-dot-jar-review/blob/master/flink-bugs-dot-jar_FLINK-2074_6bc6dbec.yml
flink,FLINK-3314_8fc7e7af.diff,https://github.com/mechtaev/bugs-dot-jar-review/blob/master/flink-bugs-dot-jar_FLINK-3314_8fc7e7af.diff,https://github.com/mechtaev/bugs-dot-jar-review/blob/master/flink-bugs-dot-jar_FLINK-3314_8fc7e7af.yml
flink,FLINK-3566_434e88fd.diff,https://github.com/mechtaev/bugs-dot-jar-review/blob/master/flink-bugs-dot-jar_FLINK-3566_434e88fd.diff,https://github.com/mechtaev/bugs-dot-jar-review/blob/master/flink-bugs-dot-jar_FLINK-3566_434e88fd.yml
flink,FLINK-1133_27e40205.diff,https://github.com/mechtaev/bugs-dot-jar-review/blob/master/flink-bugs-dot-jar_FLINK-1133_27e40205.diff,https://github.com/mechtaev/bugs-dot-jar-review/blob/master/flink-bugs-dot-jar_FLINK-1133_27e40205.yml
flink,FLINK-3052_8dc70f2e.diff,https://github.com/mechtaev/bugs-dot-jar-review/blob/master/flink-bugs-dot-jar_FLINK-3052_8dc70f2e.diff,https://github.com/mechtaev/bugs-dot-jar-review/blob/master/flink-bugs-dot-jar_FLINK-3052_8dc70f2e.yml
flink,FLINK-3011_a402002d.diff,https://github.com/mechtaev/bugs-dot-jar-review/blob/master/flink-bugs-dot-jar_FLINK-3011_a402002d.diff,https://github.com/mechtaev/bugs-dot-jar-review/blob/master/flink-bugs-dot-jar_FLINK-3011_a402002d.yml
flink,FLINK-1820_39d526e6.diff,https://github.com/mechtaev/bugs-dot-jar-review/blob/master/flink-bugs-dot-jar_FLINK-1820_39d526e6.diff,https://github.com/mechtaev/bugs-dot-jar-review/blob/master/flink-bugs-dot-jar_FLINK-1820_39d526e6.yml
flink,FLINK-1531_21f47d9c.diff,https://github.com/mechtaev/bugs-dot-jar-review/blob/master/flink-bugs-dot-jar_FLINK-1531_21f47d9c.diff,https://github.com/mechtaev/bugs-dot-jar-review/blob/master/flink-bugs-dot-jar_FLINK-1531_21f47d9c.yml
jackrabbit-oak,OAK-3920_99996c25.diff,https://github.com/mechtaev/bugs-dot-jar-review/blob/master/jackrabbit-oak-bugs-dot-jar_OAK-3920_99996c25.diff,https://github.com/mechtaev/bugs-dot-jar-review/blob/master/jackrabbit-oak-bugs-dot-jar_OAK-3920_99996c25.yml
jackrabbit-oak,OAK-4036_f4324736.diff,https://github.com/mechtaev/bugs-dot-jar-review/blob/master/jackrabbit-oak-bugs-dot-jar_OAK-4036_f4324736.diff,https://github.com/mechtaev/bugs-dot-jar-review/blob/master/jackrabbit-oak-bugs-dot-jar_OAK-4036_f4324736.yml
jackrabbit-oak,OAK-2249_6dde8e9d.diff,https://github.com/mechtaev/bugs-dot-jar-review/blob/master/jackrabbit-oak-bugs-dot-jar_OAK-2249_6dde8e9d.diff,https://github.com/mechtaev/bugs-dot-jar-review/blob/master/jackrabbit-oak-bugs-dot-jar_OAK-2249_6dde8e9d.yml
jackrabbit-oak,OAK-4397_e33516d5.diff,https://github.com/mechtaev/bugs-dot-jar-review/blob/master/jackrabbit-oak-bugs-dot-jar_OAK-4397_e33516d5.diff,https://github.com/mechtaev/bugs-dot-jar-review/blob/master/jackrabbit-oak-bugs-dot-jar_OAK-4397_e33516d5.yml
jackrabbit-oak,OAK-2389_7c320b1e.diff,https://github.com/mechtaev/bugs-dot-jar-review/blob/master/jackrabbit-oak-bugs-dot-jar_OAK-2389_7c320b1e.diff,https://github.com/mechtaev/bugs-dot-jar-review/blob/master/jackrabbit-oak-bugs-dot-jar_OAK-2389_7c320b1e.yml
jackrabbit-oak,OAK-554_3f51fb09.diff,https://github.com/mechtaev/bugs-dot-jar-review/blob/master/jackrabbit-oak-bugs-dot-jar_OAK-554_3f51fb09.diff,https://github.com/mechtaev/bugs-dot-jar-review/blob/master/jackrabbit-oak-bugs-dot-jar_OAK-554_3f51fb09.yml
jackrabbit-oak,OAK-621_00b4b8a0.diff,https://github.com/mechtaev/bugs-dot-jar-review/blob/master/jackrabbit-oak-bugs-dot-jar_OAK-621_00b4b8a0.diff,https://github.com/mechtaev/bugs-dot-jar-review/blob/master/jackrabbit-oak-bugs-dot-jar_OAK-621_00b4b8a0.yml
jackrabbit-oak,OAK-3099_25850476.diff,https://github.com/mechtaev/bugs-dot-jar-review/blob/master/jackrabbit-oak-bugs-dot-jar_OAK-3099_25850476.diff,https://github.com/mechtaev/bugs-dot-jar-review/blob/master/jackrabbit-oak-bugs-dot-jar_OAK-3099_25850476.yml
jackrabbit-oak,OAK-1516_7c62bd81.diff,https://github.com/mechtaev/bugs-dot-jar-review/blob/master/jackrabbit-oak-bugs-dot-jar_OAK-1516_7c62bd81.diff,https://github.com/mechtaev/bugs-dot-jar-review/blob/master/jackrabbit-oak-bugs-dot-jar_OAK-1516_7c62bd81.yml
jackrabbit-oak,OAK-4153_9120fd1b.diff,https://github.com/mechtaev/bugs-dot-jar-review/blob/master/jackrabbit-oak-bugs-dot-jar_OAK-4153_9120fd1b.diff,https://github.com/mechtaev/bugs-dot-jar-review/blob/master/jackrabbit-oak-bugs-dot-jar_OAK-4153_9120fd1b.yml
jackrabbit-oak,OAK-1297_73cc2442.diff,https://github.com/mechtaev/bugs-dot-jar-review/blob/master/jackrabbit-oak-bugs-dot-jar_OAK-1297_73cc2442.diff,https://github.com/mechtaev/bugs-dot-jar-review/blob/master/jackrabbit-oak-bugs-dot-jar_OAK-1297_73cc2442.yml
jackrabbit-oak,OAK-1024_e39b4d96.diff,https://github.com/mechtaev/bugs-dot-jar-review/blob/master/jackrabbit-oak-bugs-dot-jar_OAK-1024_e39b4d96.diff,https://github.com/mechtaev/bugs-dot-jar-review/blob/master/jackrabbit-oak-bugs-dot-jar_OAK-1024_e39b4d96.yml
jackrabbit-oak,OAK-1697_1552be04.diff,https://github.com/mechtaev/bugs-dot-jar-review/blob/master/jackrabbit-oak-bugs-dot-jar_OAK-1697_1552be04.diff,https://github.com/mechtaev/bugs-dot-jar-review/blob/master/jackrabbit-oak-bugs-dot-jar_OAK-1697_1552be04.yml
jackrabbit-oak,OAK-1094_2e20589f.diff,https://github.com/mechtaev/bugs-dot-jar-review/blob/master/jackrabbit-oak-bugs-dot-jar_OAK-1094_2e20589f.diff,https://github.com/mechtaev/bugs-dot-jar-review/blob/master/jackrabbit-oak-bugs-dot-jar_OAK-1094_2e20589f.yml
jackrabbit-oak,OAK-1076_9238264d.diff,https://github.com/mechtaev/bugs-dot-jar-review/blob/master/jackrabbit-oak-bugs-dot-jar_OAK-1076_9238264d.diff,https://github.com/mechtaev/bugs-dot-jar-review/blob/master/jackrabbit-oak-bugs-dot-jar_OAK-1076_9238264d.yml
jackrabbit-oak,OAK-1932_c215b267.diff,https://github.com/mechtaev/bugs-dot-jar-review/blob/master/jackrabbit-oak-bugs-dot-jar_OAK-1932_c215b267.diff,https://github.com/mechtaev/bugs-dot-jar-review/blob/master/jackrabbit-oak-bugs-dot-jar_OAK-1932_c215b267.yml
jackrabbit-oak,OAK-1789_08ba79d4.diff,https://github.com/mechtaev/bugs-dot-jar-review/blob/master/jackrabbit-oak-bugs-dot-jar_OAK-1789_08ba79d4.diff,https://github.com/mechtaev/bugs-dot-jar-review/blob/master/jackrabbit-oak-bugs-dot-jar_OAK-1789_08ba79d4.yml
jackrabbit-oak,OAK-2603_77d2d3b0.diff,https://github.com/mechtaev/bugs-dot-jar-review/blob/master/jackrabbit-oak-bugs-dot-jar_OAK-2603_77d2d3b0.diff,https://github.com/mechtaev/bugs-dot-jar-review/blob/master/jackrabbit-oak-bugs-dot-jar_OAK-2603_77d2d3b0.yml
jackrabbit-oak,OAK-606_f0fbacab.diff,https://github.com/mechtaev/bugs-dot-jar-review/blob/master/jackrabbit-oak-bugs-dot-jar_OAK-606_f0fbacab.diff,https://github.com/mechtaev/bugs-dot-jar-review/blob/master/jackrabbit-oak-bugs-dot-jar_OAK-606_f0fbacab.yml
jackrabbit-oak,OAK-1254_25a70439.diff,https://github.com/mechtaev/bugs-dot-jar-review/blob/master/jackrabbit-oak-bugs-dot-jar_OAK-1254_25a70439.diff,https://github.com/mechtaev/bugs-dot-jar-review/blob/master/jackrabbit-oak-bugs-dot-jar_OAK-1254_25a70439.yml
jackrabbit-oak,OAK-2330_408a566e.diff,https://github.com/mechtaev/bugs-dot-jar-review/blob/master/jackrabbit-oak-bugs-dot-jar_OAK-2330_408a566e.diff,https://github.com/mechtaev/bugs-dot-jar-review/blob/master/jackrabbit-oak-bugs-dot-jar_OAK-2330_408a566e.yml
jackrabbit-oak,OAK-1178_84fb6b29.diff,https://github.com/mechtaev/bugs-dot-jar-review/blob/master/jackrabbit-oak-bugs-dot-jar_OAK-1178_84fb6b29.diff,https://github.com/mechtaev/bugs-dot-jar-review/blob/master/jackrabbit-oak-bugs-dot-jar_OAK-1178_84fb6b29.yml
jackrabbit-oak,OAK-1668_63070cf9.diff,https://github.com/mechtaev/bugs-dot-jar-review/blob/master/jackrabbit-oak-bugs-dot-jar_OAK-1668_63070cf9.diff,https://github.com/mechtaev/bugs-dot-jar-review/blob/master/jackrabbit-oak-bugs-dot-jar_OAK-1668_63070cf9.yml
jackrabbit-oak,OAK-766_6fc5ea9d.diff,https://github.com/mechtaev/bugs-dot-jar-review/blob/master/jackrabbit-oak-bugs-dot-jar_OAK-766_6fc5ea9d.diff,https://github.com/mechtaev/bugs-dot-jar-review/blob/master/jackrabbit-oak-bugs-dot-jar_OAK-766_6fc5ea9d.yml
jackrabbit-oak,OAK-1104_7ae92779.diff,https://github.com/mechtaev/bugs-dot-jar-review/blob/master/jackrabbit-oak-bugs-dot-jar_OAK-1104_7ae92779.diff,https://github.com/mechtaev/bugs-dot-jar-review/blob/master/jackrabbit-oak-bugs-dot-jar_OAK-1104_7ae92779.yml
jackrabbit-oak,OAK-4432_c9765c21.diff,https://github.com/mechtaev/bugs-dot-jar-review/blob/master/jackrabbit-oak-bugs-dot-jar_OAK-4432_c9765c21.diff,https://github.com/mechtaev/bugs-dot-jar-review/blob/master/jackrabbit-oak-bugs-dot-jar_OAK-4432_c9765c21.yml
jackrabbit-oak,OAK-3028_89317b28.diff,https://github.com/mechtaev/bugs-dot-jar-review/blob/master/jackrabbit-oak-bugs-dot-jar_OAK-3028_89317b28.diff,https://github.com/mechtaev/bugs-dot-jar-review/blob/master/jackrabbit-oak-bugs-dot-jar_OAK-3028_89317b28.yml
jackrabbit-oak,OAK-1648_fdc54465.diff,https://github.com/mechtaev/bugs-dot-jar-review/blob/master/jackrabbit-oak-bugs-dot-jar_OAK-1648_fdc54465.diff,https://github.com/mechtaev/bugs-dot-jar-review/blob/master/jackrabbit-oak-bugs-dot-jar_OAK-1648_fdc54465.yml
jackrabbit-oak,OAK-3367_06812d25.diff,https://github.com/mechtaev/bugs-dot-jar-review/blob/master/jackrabbit-oak-bugs-dot-jar_OAK-3367_06812d25.diff,https://github.com/mechtaev/bugs-dot-jar-review/blob/master/jackrabbit-oak-bugs-dot-jar_OAK-3367_06812d25.yml
jackrabbit-oak,OAK-2049_4af0d4ee.diff,https://github.com/mechtaev/bugs-dot-jar-review/blob/master/jackrabbit-oak-bugs-dot-jar_OAK-2049_4af0d4ee.diff,https://github.com/mechtaev/bugs-dot-jar-review/blob/master/jackrabbit-oak-bugs-dot-jar_OAK-2049_4af0d4ee.yml
jackrabbit-oak,OAK-3411_978c77ff.diff,https://github.com/mechtaev/bugs-dot-jar-review/blob/master/jackrabbit-oak-bugs-dot-jar_OAK-3411_978c77ff.diff,https://github.com/mechtaev/bugs-dot-jar-review/blob/master/jackrabbit-oak-bugs-dot-jar_OAK-3411_978c77ff.yml
jackrabbit-oak,OAK-1429_c2f5ca6c.diff,https://github.com/mechtaev/bugs-dot-jar-review/blob/master/jackrabbit-oak-bugs-dot-jar_OAK-1429_c2f5ca6c.diff,https://github.com/mechtaev/bugs-dot-jar-review/blob/master/jackrabbit-oak-bugs-dot-jar_OAK-1429_c2f5ca6c.yml
jackrabbit-oak,OAK-3020_147515ae.diff,https://github.com/mechtaev/bugs-dot-jar-review/blob/master/jackrabbit-oak-bugs-dot-jar_OAK-3020_147515ae.diff,https://github.com/mechtaev/bugs-dot-jar-review/blob/master/jackrabbit-oak-bugs-dot-jar_OAK-3020_147515ae.yml
jackrabbit-oak,OAK-1369_ce0b0955.diff,https://github.com/mechtaev/bugs-dot-jar-review/blob/master/jackrabbit-oak-bugs-dot-jar_OAK-1369_ce0b0955.diff,https://github.com/mechtaev/bugs-dot-jar-review/blob/master/jackrabbit-oak-bugs-dot-jar_OAK-1369_ce0b0955.yml
jackrabbit-oak,OAK-1793_16225d51.diff,https://github.com/mechtaev/bugs-dot-jar-review/blob/master/jackrabbit-oak-bugs-dot-jar_OAK-1793_16225d51.diff,https://github.com/mechtaev/bugs-dot-jar-review/blob/master/jackrabbit-oak-bugs-dot-jar_OAK-1793_16225d51.yml
jackrabbit-oak,OAK-1916_705ce1d1.diff,https://github.com/mechtaev/bugs-dot-jar-review/blob/master/jackrabbit-oak-bugs-dot-jar_OAK-1916_705ce1d1.diff,https://github.com/mechtaev/bugs-dot-jar-review/blob/master/jackrabbit-oak-bugs-dot-jar_OAK-1916_705ce1d1.yml
jackrabbit-oak,OAK-478_a7f0e808.diff,https://github.com/mechtaev/bugs-dot-jar-review/blob/master/jackrabbit-oak-bugs-dot-jar_OAK-478_a7f0e808.diff,https://github.com/mechtaev/bugs-dot-jar-review/blob/master/jackrabbit-oak-bugs-dot-jar_OAK-478_a7f0e808.yml
jackrabbit-oak,OAK-1729_7ba9dd66.diff,https://github.com/mechtaev/bugs-dot-jar-review/blob/master/jackrabbit-oak-bugs-dot-jar_OAK-1729_7ba9dd66.diff,https://github.com/mechtaev/bugs-dot-jar-review/blob/master/jackrabbit-oak-bugs-dot-jar_OAK-1729_7ba9dd66.yml
jackrabbit-oak,OAK-3137_c65b07c3.diff,https://github.com/mechtaev/bugs-dot-jar-review/blob/master/jackrabbit-oak-bugs-dot-jar_OAK-3137_c65b07c3.diff,https://github.com/mechtaev/bugs-dot-jar-review/blob/master/jackrabbit-oak-bugs-dot-jar_OAK-3137_c65b07c3.yml
jackrabbit-oak,OAK-888_6d82cb64.diff,https://github.com/mechtaev/bugs-dot-jar-review/blob/master/jackrabbit-oak-bugs-dot-jar_OAK-888_6d82cb64.diff,https://github.com/mechtaev/bugs-dot-jar-review/blob/master/jackrabbit-oak-bugs-dot-jar_OAK-888_6d82cb64.yml
jackrabbit-oak,OAK-4358_74cbba24.diff,https://github.com/mechtaev/bugs-dot-jar-review/blob/master/jackrabbit-oak-bugs-dot-jar_OAK-4358_74cbba24.diff,https://github.com/mechtaev/bugs-dot-jar-review/blob/master/jackrabbit-oak-bugs-dot-jar_OAK-4358_74cbba24.yml
jackrabbit-oak,OAK-2219_f2740ce1.diff,https://github.com/mechtaev/bugs-dot-jar-review/blob/master/jackrabbit-oak-bugs-dot-jar_OAK-2219_f2740ce1.diff,https://github.com/mechtaev/bugs-dot-jar-review/blob/master/jackrabbit-oak-bugs-dot-jar_OAK-2219_f2740ce1.yml
jackrabbit-oak,OAK-4387_ca05fd06.diff,https://github.com/mechtaev/bugs-dot-jar-review/blob/master/jackrabbit-oak-bugs-dot-jar_OAK-4387_ca05fd06.diff,https://github.com/mechtaev/bugs-dot-jar-review/blob/master/jackrabbit-oak-bugs-dot-jar_OAK-4387_ca05fd06.yml
jackrabbit-oak,OAK-1899_df59fb45.diff,https://github.com/mechtaev/bugs-dot-jar-review/blob/master/jackrabbit-oak-bugs-dot-jar_OAK-1899_df59fb45.diff,https://github.com/mechtaev/bugs-dot-jar-review/blob/master/jackrabbit-oak-bugs-dot-jar_OAK-1899_df59fb45.yml
jackrabbit-oak,OAK-3412_2f85bd78.diff,https://github.com/mechtaev/bugs-dot-jar-review/blob/master/jackrabbit-oak-bugs-dot-jar_OAK-3412_2f85bd78.diff,https://github.com/mechtaev/bugs-dot-jar-review/blob/master/jackrabbit-oak-bugs-dot-jar_OAK-3412_2f85bd78.yml
jackrabbit-oak,OAK-276_1bf5c550.diff,https://github.com/mechtaev/bugs-dot-jar-review/blob/master/jackrabbit-oak-bugs-dot-jar_OAK-276_1bf5c550.diff,https://github.com/mechtaev/bugs-dot-jar-review/blob/master/jackrabbit-oak-bugs-dot-jar_OAK-276_1bf5c550.yml
jackrabbit-oak,OAK-1093_d7f0f180.diff,https://github.com/mechtaev/bugs-dot-jar-review/blob/master/jackrabbit-oak-bugs-dot-jar_OAK-1093_d7f0f180.diff,https://github.com/mechtaev/bugs-dot-jar-review/blob/master/jackrabbit-oak-bugs-dot-jar_OAK-1093_d7f0f180.yml
jackrabbit-oak,OAK-1122_5286861d.diff,https://github.com/mechtaev/bugs-dot-jar-review/blob/master/jackrabbit-oak-bugs-dot-jar_OAK-1122_5286861d.diff,https://github.com/mechtaev/bugs-dot-jar-review/blob/master/jackrabbit-oak-bugs-dot-jar_OAK-1122_5286861d.yml
jackrabbit-oak,OAK-1848_093b9128.diff,https://github.com/mechtaev/bugs-dot-jar-review/blob/master/jackrabbit-oak-bugs-dot-jar_OAK-1848_093b9128.diff,https://github.com/mechtaev/bugs-dot-jar-review/blob/master/jackrabbit-oak-bugs-dot-jar_OAK-1848_093b9128.yml
jackrabbit-oak,OAK-1784_2426deae.diff,https://github.com/mechtaev/bugs-dot-jar-review/blob/master/jackrabbit-oak-bugs-dot-jar_OAK-1784_2426deae.diff,https://github.com/mechtaev/bugs-dot-jar-review/blob/master/jackrabbit-oak-bugs-dot-jar_OAK-1784_2426deae.yml
jackrabbit-oak,OAK-3433_b76b31f7.diff,https://github.com/mechtaev/bugs-dot-jar-review/blob/master/jackrabbit-oak-bugs-dot-jar_OAK-3433_b76b31f7.diff,https://github.com/mechtaev/bugs-dot-jar-review/blob/master/jackrabbit-oak-bugs-dot-jar_OAK-3433_b76b31f7.yml
jackrabbit-oak,OAK-3019_5135cf4b.diff,https://github.com/mechtaev/bugs-dot-jar-review/blob/master/jackrabbit-oak-bugs-dot-jar_OAK-3019_5135cf4b.diff,https://github.com/mechtaev/bugs-dot-jar-review/blob/master/jackrabbit-oak-bugs-dot-jar_OAK-3019_5135cf4b.yml
jackrabbit-oak,OAK-1807_077efee5.diff,https://github.com/mechtaev/bugs-dot-jar-review/blob/master/jackrabbit-oak-bugs-dot-jar_OAK-1807_077efee5.diff,https://github.com/mechtaev/bugs-dot-jar-review/blob/master/jackrabbit-oak-bugs-dot-jar_OAK-1807_077efee5.yml
jackrabbit-oak,OAK-2439_beaca1a4.diff,https://github.com/mechtaev/bugs-dot-jar-review/blob/master/jackrabbit-oak-bugs-dot-jar_OAK-2439_beaca1a4.diff,https://github.com/mechtaev/bugs-dot-jar-review/blob/master/jackrabbit-oak-bugs-dot-jar_OAK-2439_beaca1a4.yml
jackrabbit-oak,OAK-3634_90ad50da.diff,https://github.com/mechtaev/bugs-dot-jar-review/blob/master/jackrabbit-oak-bugs-dot-jar_OAK-3634_90ad50da.diff,https://github.com/mechtaev/bugs-dot-jar-review/blob/master/jackrabbit-oak-bugs-dot-jar_OAK-3634_90ad50da.yml
jackrabbit-oak,OAK-1779_9d36bede.diff,https://github.com/mechtaev/bugs-dot-jar-review/blob/master/jackrabbit-oak-bugs-dot-jar_OAK-1779_9d36bede.diff,https://github.com/mechtaev/bugs-dot-jar-review/blob/master/jackrabbit-oak-bugs-dot-jar_OAK-1779_9d36bede.yml
jackrabbit-oak,OAK-3123_f3c9c818.diff,https://github.com/mechtaev/bugs-dot-jar-review/blob/master/jackrabbit-oak-bugs-dot-jar_OAK-3123_f3c9c818.diff,https://github.com/mechtaev/bugs-dot-jar-review/blob/master/jackrabbit-oak-bugs-dot-jar_OAK-3123_f3c9c818.yml
jackrabbit-oak,OAK-1024_ecc5bdfd.diff,https://github.com/mechtaev/bugs-dot-jar-review/blob/master/jackrabbit-oak-bugs-dot-jar_OAK-1024_ecc5bdfd.diff,https://github.com/mechtaev/bugs-dot-jar-review/blob/master/jackrabbit-oak-bugs-dot-jar_OAK-1024_ecc5bdfd.yml
jackrabbit-oak,OAK-1184_f72dd8d1.diff,https://github.com/mechtaev/bugs-dot-jar-review/blob/master/jackrabbit-oak-bugs-dot-jar_OAK-1184_f72dd8d1.diff,https://github.com/mechtaev/bugs-dot-jar-review/blob/master/jackrabbit-oak-bugs-dot-jar_OAK-1184_f72dd8d1.yml
jackrabbit-oak,OAK-4431_7441a3d5.diff,https://github.com/mechtaev/bugs-dot-jar-review/blob/master/jackrabbit-oak-bugs-dot-jar_OAK-4431_7441a3d5.diff,https://github.com/mechtaev/bugs-dot-jar-review/blob/master/jackrabbit-oak-bugs-dot-jar_OAK-4431_7441a3d5.yml
logging-log4j2,LOG4J2-1046_11960820.diff,https://github.com/mechtaev/bugs-dot-jar-review/blob/master/logging-log4j2-bugs-dot-jar_LOG4J2-1046_11960820.diff,https://github.com/mechtaev/bugs-dot-jar-review/blob/master/logging-log4j2-bugs-dot-jar_LOG4J2-1046_11960820.yml
logging-log4j2,LOG4J2-177_f91ce934.diff,https://github.com/mechtaev/bugs-dot-jar-review/blob/master/logging-log4j2-bugs-dot-jar_LOG4J2-177_f91ce934.diff,https://github.com/mechtaev/bugs-dot-jar-review/blob/master/logging-log4j2-bugs-dot-jar_LOG4J2-177_f91ce934.yml
logging-log4j2,LOG4J2-492_61ccbb95.diff,https://github.com/mechtaev/bugs-dot-jar-review/blob/master/logging-log4j2-bugs-dot-jar_LOG4J2-492_61ccbb95.diff,https://github.com/mechtaev/bugs-dot-jar-review/blob/master/logging-log4j2-bugs-dot-jar_LOG4J2-492_61ccbb95.yml
logging-log4j2,LOG4J2-1153_8acedb4e.diff,https://github.com/mechtaev/bugs-dot-jar-review/blob/master/logging-log4j2-bugs-dot-jar_LOG4J2-1153_8acedb4e.diff,https://github.com/mechtaev/bugs-dot-jar-review/blob/master/logging-log4j2-bugs-dot-jar_LOG4J2-1153_8acedb4e.yml
logging-log4j2,LOG4J2-763_b2ec5106.diff,https://github.com/mechtaev/bugs-dot-jar-review/blob/master/logging-log4j2-bugs-dot-jar_LOG4J2-763_b2ec5106.diff,https://github.com/mechtaev/bugs-dot-jar-review/blob/master/logging-log4j2-bugs-dot-jar_LOG4J2-763_b2ec5106.yml
logging-log4j2,LOG4J2-832_411dad65.diff,https://github.com/mechtaev/bugs-dot-jar-review/blob/master/logging-log4j2-bugs-dot-jar_LOG4J2-832_411dad65.diff,https://github.com/mechtaev/bugs-dot-jar-review/blob/master/logging-log4j2-bugs-dot-jar_LOG4J2-832_411dad65.yml
logging-log4j2,LOG4J2-1058_c8fd3c53.diff,https://github.com/mechtaev/bugs-dot-jar-review/blob/master/logging-log4j2-bugs-dot-jar_LOG4J2-1058_c8fd3c53.diff,https://github.com/mechtaev/bugs-dot-jar-review/blob/master/logging-log4j2-bugs-dot-jar_LOG4J2-1058_c8fd3c53.yml
logging-log4j2,LOG4J2-763_97203de8.diff,https://github.com/mechtaev/bugs-dot-jar-review/blob/master/logging-log4j2-bugs-dot-jar_LOG4J2-763_97203de8.diff,https://github.com/mechtaev/bugs-dot-jar-review/blob/master/logging-log4j2-bugs-dot-jar_LOG4J2-763_97203de8.yml
logging-log4j2,LOG4J2-813_0bea17d7.diff,https://github.com/mechtaev/bugs-dot-jar-review/blob/master/logging-log4j2-bugs-dot-jar_LOG4J2-813_0bea17d7.diff,https://github.com/mechtaev/bugs-dot-jar-review/blob/master/logging-log4j2-bugs-dot-jar_LOG4J2-813_0bea17d7.yml
logging-log4j2,LOG4J2-56_3eb44094.diff,https://github.com/mechtaev/bugs-dot-jar-review/blob/master/logging-log4j2-bugs-dot-jar_LOG4J2-56_3eb44094.diff,https://github.com/mechtaev/bugs-dot-jar-review/blob/master/logging-log4j2-bugs-dot-jar_LOG4J2-56_3eb44094.yml
logging-log4j2,LOG4J2-268_8faf7f77.diff,https://github.com/mechtaev/bugs-dot-jar-review/blob/master/logging-log4j2-bugs-dot-jar_LOG4J2-268_8faf7f77.diff,https://github.com/mechtaev/bugs-dot-jar-review/blob/master/logging-log4j2-bugs-dot-jar_LOG4J2-268_8faf7f77.yml
logging-log4j2,LOG4J2-1061_86d8944f.diff,https://github.com/mechtaev/bugs-dot-jar-review/blob/master/logging-log4j2-bugs-dot-jar_LOG4J2-1061_86d8944f.diff,https://github.com/mechtaev/bugs-dot-jar-review/blob/master/logging-log4j2-bugs-dot-jar_LOG4J2-1061_86d8944f.yml
logging-log4j2,LOG4J2-94_d8af1c93.diff,https://github.com/mechtaev/bugs-dot-jar-review/blob/master/logging-log4j2-bugs-dot-jar_LOG4J2-94_d8af1c93.diff,https://github.com/mechtaev/bugs-dot-jar-review/blob/master/logging-log4j2-bugs-dot-jar_LOG4J2-94_d8af1c93.yml
logging-log4j2,LOG4J2-1068_e7bbeceb.diff,https://github.com/mechtaev/bugs-dot-jar-review/blob/master/logging-log4j2-bugs-dot-jar_LOG4J2-1068_e7bbeceb.diff,https://github.com/mechtaev/bugs-dot-jar-review/blob/master/logging-log4j2-bugs-dot-jar_LOG4J2-1068_e7bbeceb.yml
logging-log4j2,LOG4J2-101_c79a743b.diff,https://github.com/mechtaev/bugs-dot-jar-review/blob/master/logging-log4j2-bugs-dot-jar_LOG4J2-101_c79a743b.diff,https://github.com/mechtaev/bugs-dot-jar-review/blob/master/logging-log4j2-bugs-dot-jar_LOG4J2-101_c79a743b.yml
logging-log4j2,LOG4J2-143_1461f1f6.diff,https://github.com/mechtaev/bugs-dot-jar-review/blob/master/logging-log4j2-bugs-dot-jar_LOG4J2-143_1461f1f6.diff,https://github.com/mechtaev/bugs-dot-jar-review/blob/master/logging-log4j2-bugs-dot-jar_LOG4J2-143_1461f1f6.yml
logging-log4j2,LOG4J2-914_f8a42197.diff,https://github.com/mechtaev/bugs-dot-jar-review/blob/master/logging-log4j2-bugs-dot-jar_LOG4J2-914_f8a42197.diff,https://github.com/mechtaev/bugs-dot-jar-review/blob/master/logging-log4j2-bugs-dot-jar_LOG4J2-914_f8a42197.yml
logging-log4j2,LOG4J2-127_029e79da.diff,https://github.com/mechtaev/bugs-dot-jar-review/blob/master/logging-log4j2-bugs-dot-jar_LOG4J2-127_029e79da.diff,https://github.com/mechtaev/bugs-dot-jar-review/blob/master/logging-log4j2-bugs-dot-jar_LOG4J2-127_029e79da.yml
maven,MNG-2931_d7422212.diff,https://github.com/mechtaev/bugs-dot-jar-review/blob/master/maven-bugs-dot-jar_MNG-2931_d7422212.diff,https://github.com/mechtaev/bugs-dot-jar-review/blob/master/maven-bugs-dot-jar_MNG-2931_d7422212.yml
maven,MNG-1856_faa5cf27.diff,https://github.com/mechtaev/bugs-dot-jar-review/blob/master/maven-bugs-dot-jar_MNG-1856_faa5cf27.diff,https://github.com/mechtaev/bugs-dot-jar-review/blob/master/maven-bugs-dot-jar_MNG-1856_faa5cf27.yml
maven,MNG-5459_c225847e.diff,https://github.com/mechtaev/bugs-dot-jar-review/blob/master/maven-bugs-dot-jar_MNG-5459_c225847e.diff,https://github.com/mechtaev/bugs-dot-jar-review/blob/master/maven-bugs-dot-jar_MNG-5459_c225847e.yml
maven,MNG-1205_1bdeeccc.diff,https://github.com/mechtaev/bugs-dot-jar-review/blob/master/maven-bugs-dot-jar_MNG-1205_1bdeeccc.diff,https://github.com/mechtaev/bugs-dot-jar-review/blob/master/maven-bugs-dot-jar_MNG-1205_1bdeeccc.yml
maven,MNG-4918_691a03a7.diff,https://github.com/mechtaev/bugs-dot-jar-review/blob/master/maven-bugs-dot-jar_MNG-4918_691a03a7.diff,https://github.com/mechtaev/bugs-dot-jar-review/blob/master/maven-bugs-dot-jar_MNG-4918_691a03a7.yml
maven,MNG-2221_cc859f5c.diff,https://github.com/mechtaev/bugs-dot-jar-review/blob/master/maven-bugs-dot-jar_MNG-2221_cc859f5c.diff,https://github.com/mechtaev/bugs-dot-jar-review/blob/master/maven-bugs-dot-jar_MNG-2221_cc859f5c.yml
maven,MNG-4837_3fca2bb2.diff,https://github.com/mechtaev/bugs-dot-jar-review/blob/master/maven-bugs-dot-jar_MNG-4837_3fca2bb2.diff,https://github.com/mechtaev/bugs-dot-jar-review/blob/master/maven-bugs-dot-jar_MNG-4837_3fca2bb2.yml
maven,MNG-5716_2d0ec942.diff,https://github.com/mechtaev/bugs-dot-jar-review/blob/master/maven-bugs-dot-jar_MNG-5716_2d0ec942.diff,https://github.com/mechtaev/bugs-dot-jar-review/blob/master/maven-bugs-dot-jar_MNG-5716_2d0ec942.yml
maven,MNG-1895_806eaeb0.diff,https://github.com/mechtaev/bugs-dot-jar-review/blob/master/maven-bugs-dot-jar_MNG-1895_806eaeb0.diff,https://github.com/mechtaev/bugs-dot-jar-review/blob/master/maven-bugs-dot-jar_MNG-1895_806eaeb0.yml
maven,MNG-5647_cdb8ad6d.diff,https://github.com/mechtaev/bugs-dot-jar-review/blob/master/maven-bugs-dot-jar_MNG-5647_cdb8ad6d.diff,https://github.com/mechtaev/bugs-dot-jar-review/blob/master/maven-bugs-dot-jar_MNG-5647_cdb8ad6d.yml
wicket,WICKET-2569_9ced53a5.diff,https://github.com/mechtaev/bugs-dot-jar-review/blob/master/wicket-bugs-dot-jar_WICKET-2569_9ced53a5.diff,https://github.com/mechtaev/bugs-dot-jar-review/blob/master/wicket-bugs-dot-jar_WICKET-2569_9ced53a5.yml
wicket,WICKET-2900_0e70ce39.diff,https://github.com/mechtaev/bugs-dot-jar-review/blob/master/wicket-bugs-dot-jar_WICKET-2900_0e70ce39.diff,https://github.com/mechtaev/bugs-dot-jar-review/blob/master/wicket-bugs-dot-jar_WICKET-2900_0e70ce39.yml
wicket,WICKET-4276_32c76c4a.diff,https://github.com/mechtaev/bugs-dot-jar-review/blob/master/wicket-bugs-dot-jar_WICKET-4276_32c76c4a.diff,https://github.com/mechtaev/bugs-dot-jar-review/blob/master/wicket-bugs-dot-jar_WICKET-4276_32c76c4a.yml
wicket,WICKET-4102_e743fd7e.diff,https://github.com/mechtaev/bugs-dot-jar-review/blob/master/wicket-bugs-dot-jar_WICKET-4102_e743fd7e.diff,https://github.com/mechtaev/bugs-dot-jar-review/blob/master/wicket-bugs-dot-jar_WICKET-4102_e743fd7e.yml
wicket,WICKET-4775_1ac05533.diff,https://github.com/mechtaev/bugs-dot-jar-review/blob/master/wicket-bugs-dot-jar_WICKET-4775_1ac05533.diff,https://github.com/mechtaev/bugs-dot-jar-review/blob/master/wicket-bugs-dot-jar_WICKET-4775_1ac05533.yml
wicket,WICKET-5522_5b730c0b.diff,https://github.com/mechtaev/bugs-dot-jar-review/blob/master/wicket-bugs-dot-jar_WICKET-5522_5b730c0b.diff,https://github.com/mechtaev/bugs-dot-jar-review/blob/master/wicket-bugs-dot-jar_WICKET-5522_5b730c0b.yml
wicket,WICKET-3520_d1b62639.diff,https://github.com/mechtaev/bugs-dot-jar-review/blob/master/wicket-bugs-dot-jar_WICKET-3520_d1b62639.diff,https://github.com/mechtaev/bugs-dot-jar-review/blob/master/wicket-bugs-dot-jar_WICKET-3520_d1b62639.yml
wicket,WICKET-2281_6e0b40bc.diff,https://github.com/mechtaev/bugs-dot-jar-review/blob/master/wicket-bugs-dot-jar_WICKET-2281_6e0b40bc.diff,https://github.com/mechtaev/bugs-dot-jar-review/blob/master/wicket-bugs-dot-jar_WICKET-2281_6e0b40bc.yml
wicket,WICKET-4753_21a47387.diff,https://github.com/mechtaev/bugs-dot-jar-review/blob/master/wicket-bugs-dot-jar_WICKET-4753_21a47387.diff,https://github.com/mechtaev/bugs-dot-jar-review/blob/master/wicket-bugs-dot-jar_WICKET-4753_21a47387.yml
wicket,WICKET-4255_c250db9c.diff,https://github.com/mechtaev/bugs-dot-jar-review/blob/master/wicket-bugs-dot-jar_WICKET-4255_c250db9c.diff,https://github.com/mechtaev/bugs-dot-jar-review/blob/master/wicket-bugs-dot-jar_WICKET-4255_c250db9c.yml
wicket,WICKET-4345_4f08e6f2.diff,https://github.com/mechtaev/bugs-dot-jar-review/blob/master/wicket-bugs-dot-jar_WICKET-4345_4f08e6f2.diff,https://github.com/mechtaev/bugs-dot-jar-review/blob/master/wicket-bugs-dot-jar_WICKET-4345_4f08e6f2.yml
wicket,WICKET-5838_e93fdd5a.diff,https://github.com/mechtaev/bugs-dot-jar-review/blob/master/wicket-bugs-dot-jar_WICKET-5838_e93fdd5a.diff,https://github.com/mechtaev/bugs-dot-jar-review/blob/master/wicket-bugs-dot-jar_WICKET-5838_e93fdd5a.yml
wicket,WICKET-4259_1f128536.diff,https://github.com/mechtaev/bugs-dot-jar-review/blob/master/wicket-bugs-dot-jar_WICKET-4259_1f128536.diff,https://github.com/mechtaev/bugs-dot-jar-review/blob/master/wicket-bugs-dot-jar_WICKET-4259_1f128536.yml
wicket,WICKET-4877_6470c3f7.diff,https://github.com/mechtaev/bugs-dot-jar-review/blob/master/wicket-bugs-dot-jar_WICKET-4877_6470c3f7.diff,https://github.com/mechtaev/bugs-dot-jar-review/blob/master/wicket-bugs-dot-jar_WICKET-4877_6470c3f7.yml
wicket,WICKET-5720_2fc6a395.diff,https://github.com/mechtaev/bugs-dot-jar-review/blob/master/wicket-bugs-dot-jar_WICKET-5720_2fc6a395.diff,https://github.com/mechtaev/bugs-dot-jar-review/blob/master/wicket-bugs-dot-jar_WICKET-5720_2fc6a395.yml
wicket,WICKET-2839_15477252.diff,https://github.com/mechtaev/bugs-dot-jar-review/blob/master/wicket-bugs-dot-jar_WICKET-2839_15477252.diff,https://github.com/mechtaev/bugs-dot-jar-review/blob/master/wicket-bugs-dot-jar_WICKET-2839_15477252.yml
wicket,WICKET-4323_e24874da.diff,https://github.com/mechtaev/bugs-dot-jar-review/blob/master/wicket-bugs-dot-jar_WICKET-4323_e24874da.diff,https://github.com/mechtaev/bugs-dot-jar-review/blob/master/wicket-bugs-dot-jar_WICKET-4323_e24874da.yml
wicket,WICKET-5546_f1af9e03.diff,https://github.com/mechtaev/bugs-dot-jar-review/blob/master/wicket-bugs-dot-jar_WICKET-5546_f1af9e03.diff,https://github.com/mechtaev/bugs-dot-jar-review/blob/master/wicket-bugs-dot-jar_WICKET-5546_f1af9e03.yml
wicket,WICKET-3563_c62b66c1.diff,https://github.com/mechtaev/bugs-dot-jar-review/blob/master/wicket-bugs-dot-jar_WICKET-3563_c62b66c1.diff,https://github.com/mechtaev/bugs-dot-jar-review/blob/master/wicket-bugs-dot-jar_WICKET-3563_c62b66c1.yml
wicket,WICKET-4696_f5f802c5.diff,https://github.com/mechtaev/bugs-dot-jar-review/blob/master/wicket-bugs-dot-jar_WICKET-4696_f5f802c5.diff,https://github.com/mechtaev/bugs-dot-jar-review/blob/master/wicket-bugs-dot-jar_WICKET-4696_f5f802c5.yml
wicket,WICKET-3764_48454f4d.diff,https://github.com/mechtaev/bugs-dot-jar-review/blob/master/wicket-bugs-dot-jar_WICKET-3764_48454f4d.diff,https://github.com/mechtaev/bugs-dot-jar-review/blob/master/wicket-bugs-dot-jar_WICKET-3764_48454f4d.yml
wicket,WICKET-5582_1fb66533.diff,https://github.com/mechtaev/bugs-dot-jar-review/blob/master/wicket-bugs-dot-jar_WICKET-5582_1fb66533.diff,https://github.com/mechtaev/bugs-dot-jar-review/blob/master/wicket-bugs-dot-jar_WICKET-5582_1fb66533.yml
wicket,WICKET-5701_087c0a26.diff,https://github.com/mechtaev/bugs-dot-jar-review/blob/master/wicket-bugs-dot-jar_WICKET-5701_087c0a26.diff,https://github.com/mechtaev/bugs-dot-jar-review/blob/master/wicket-bugs-dot-jar_WICKET-5701_087c0a26.yml
wicket,WICKET-3428_ffc0cae9.diff,https://github.com/mechtaev/bugs-dot-jar-review/blob/master/wicket-bugs-dot-jar_WICKET-3428_ffc0cae9.diff,https://github.com/mechtaev/bugs-dot-jar-review/blob/master/wicket-bugs-dot-jar_WICKET-3428_ffc0cae9.yml
wicket,WICKET-4121_8967eb2b.diff,https://github.com/mechtaev/bugs-dot-jar-review/blob/master/wicket-bugs-dot-jar_WICKET-4121_8967eb2b.diff,https://github.com/mechtaev/bugs-dot-jar-review/blob/master/wicket-bugs-dot-jar_WICKET-4121_8967eb2b.yml
wicket,WICKET-5960_03663750.diff,https://github.com/mechtaev/bugs-dot-jar-review/blob/master/wicket-bugs-dot-jar_WICKET-5960_03663750.diff,https://github.com/mechtaev/bugs-dot-jar-review/blob/master/wicket-bugs-dot-jar_WICKET-5960_03663750.yml
wicket,WICKET-4301_50b52742.diff,https://github.com/mechtaev/bugs-dot-jar-review/blob/master/wicket-bugs-dot-jar_WICKET-4301_50b52742.diff,https://github.com/mechtaev/bugs-dot-jar-review/blob/master/wicket-bugs-dot-jar_WICKET-4301_50b52742.yml
wicket,WICKET-5147_184e51e9.diff,https://github.com/mechtaev/bugs-dot-jar-review/blob/master/wicket-bugs-dot-jar_WICKET-5147_184e51e9.diff,https://github.com/mechtaev/bugs-dot-jar-review/blob/master/wicket-bugs-dot-jar_WICKET-5147_184e51e9.yml
wicket,WICKET-3510_292a2582.diff,https://github.com/mechtaev/bugs-dot-jar-review/blob/master/wicket-bugs-dot-jar_WICKET-3510_292a2582.diff,https://github.com/mechtaev/bugs-dot-jar-review/blob/master/wicket-bugs-dot-jar_WICKET-3510_292a2582.yml
wicket,WICKET-4572_dfc56674.diff,https://github.com/mechtaev/bugs-dot-jar-review/blob/master/wicket-bugs-dot-jar_WICKET-4572_dfc56674.diff,https://github.com/mechtaev/bugs-dot-jar-review/blob/master/wicket-bugs-dot-jar_WICKET-4572_dfc56674.yml
wicket,WICKET-5518_c2e12216.diff,https://github.com/mechtaev/bugs-dot-jar-review/blob/master/wicket-bugs-dot-jar_WICKET-5518_c2e12216.diff,https://github.com/mechtaev/bugs-dot-jar-review/blob/master/wicket-bugs-dot-jar_WICKET-5518_c2e12216.yml
wicket,WICKET-4119_bb7a6995.diff,https://github.com/mechtaev/bugs-dot-jar-review/blob/master/wicket-bugs-dot-jar_WICKET-4119_bb7a6995.diff,https://github.com/mechtaev/bugs-dot-jar-review/blob/master/wicket-bugs-dot-jar_WICKET-4119_bb7a6995.yml
wicket,WICKET-3644_ab1856db.diff,https://github.com/mechtaev/bugs-dot-jar-review/blob/master/wicket-bugs-dot-jar_WICKET-3644_ab1856db.diff,https://github.com/mechtaev/bugs-dot-jar-review/blob/master/wicket-bugs-dot-jar_WICKET-3644_ab1856db.yml
wicket,WICKET-2624_ef880545.diff,https://github.com/mechtaev/bugs-dot-jar-review/blob/master/wicket-bugs-dot-jar_WICKET-2624_ef880545.diff,https://github.com/mechtaev/bugs-dot-jar-review/blob/master/wicket-bugs-dot-jar_WICKET-2624_ef880545.yml
wicket,WICKET-2181_d79d0192.diff,https://github.com/mechtaev/bugs-dot-jar-review/blob/master/wicket-bugs-dot-jar_WICKET-2181_d79d0192.diff,https://github.com/mechtaev/bugs-dot-jar-review/blob/master/wicket-bugs-dot-jar_WICKET-2181_d79d0192.yml
wicket,WICKET-294_5c592d85.diff,https://github.com/mechtaev/bugs-dot-jar-review/blob/master/wicket-bugs-dot-jar_WICKET-294_5c592d85.diff,https://github.com/mechtaev/bugs-dot-jar-review/blob/master/wicket-bugs-dot-jar_WICKET-294_5c592d85.yml
wicket,WICKET-3715_557de7bc.diff,https://github.com/mechtaev/bugs-dot-jar-review/blob/master/wicket-bugs-dot-jar_WICKET-3715_557de7bc.diff,https://github.com/mechtaev/bugs-dot-jar-review/blob/master/wicket-bugs-dot-jar_WICKET-3715_557de7bc.yml
wicket,WICKET-5989_a255bbca.diff,https://github.com/mechtaev/bugs-dot-jar-review/blob/master/wicket-bugs-dot-jar_WICKET-5989_a255bbca.diff,https://github.com/mechtaev/bugs-dot-jar-review/blob/master/wicket-bugs-dot-jar_WICKET-5989_a255bbca.yml
wicket,WICKET-4578_c66cf607.diff,https://github.com/mechtaev/bugs-dot-jar-review/blob/master/wicket-bugs-dot-jar_WICKET-4578_c66cf607.diff,https://github.com/mechtaev/bugs-dot-jar-review/blob/master/wicket-bugs-dot-jar_WICKET-4578_c66cf607.yml
wicket,WICKET-3906_aadaa4e9.diff,https://github.com/mechtaev/bugs-dot-jar-review/blob/master/wicket-bugs-dot-jar_WICKET-3906_aadaa4e9.diff,https://github.com/mechtaev/bugs-dot-jar-review/blob/master/wicket-bugs-dot-jar_WICKET-3906_aadaa4e9.yml
wicket,WICKET-5071_d3d42d42.diff,https://github.com/mechtaev/bugs-dot-jar-review/blob/master/wicket-bugs-dot-jar_WICKET-5071_d3d42d42.diff,https://github.com/mechtaev/bugs-dot-jar-review/blob/master/wicket-bugs-dot-jar_WICKET-5071_d3d42d42.yml
wicket,WICKET-2261_089303f4.diff,https://github.com/mechtaev/bugs-dot-jar-review/blob/master/wicket-bugs-dot-jar_WICKET-2261_089303f4.diff,https://github.com/mechtaev/bugs-dot-jar-review/blob/master/wicket-bugs-dot-jar_WICKET-2261_089303f4.yml
wicket,WICKET-5209_55eb5212.diff,https://github.com/mechtaev/bugs-dot-jar-review/blob/master/wicket-bugs-dot-jar_WICKET-5209_55eb5212.diff,https://github.com/mechtaev/bugs-dot-jar-review/blob/master/wicket-bugs-dot-jar_WICKET-5209_55eb5212.yml
wicket,WICKET-4686_89184b79.diff,https://github.com/mechtaev/bugs-dot-jar-review/blob/master/wicket-bugs-dot-jar_WICKET-4686_89184b79.diff,https://github.com/mechtaev/bugs-dot-jar-review/blob/master/wicket-bugs-dot-jar_WICKET-4686_89184b79.yml
wicket,WICKET-5728_3cc3fe95.diff,https://github.com/mechtaev/bugs-dot-jar-review/blob/master/wicket-bugs-dot-jar_WICKET-5728_3cc3fe95.diff,https://github.com/mechtaev/bugs-dot-jar-review/blob/master/wicket-bugs-dot-jar_WICKET-5728_3cc3fe95.yml
wicket,WICKET-4358_02ebc8ae.diff,https://github.com/mechtaev/bugs-dot-jar-review/blob/master/wicket-bugs-dot-jar_WICKET-4358_02ebc8ae.diff,https://github.com/mechtaev/bugs-dot-jar-review/blob/master/wicket-bugs-dot-jar_WICKET-4358_02ebc8ae.yml
wicket,WICKET-4109_8f7805f8.diff,https://github.com/mechtaev/bugs-dot-jar-review/blob/master/wicket-bugs-dot-jar_WICKET-4109_8f7805f8.diff,https://github.com/mechtaev/bugs-dot-jar-review/blob/master/wicket-bugs-dot-jar_WICKET-4109_8f7805f8.yml
wicket,WICKET-5751_bcea89fc.diff,https://github.com/mechtaev/bugs-dot-jar-review/blob/master/wicket-bugs-dot-jar_WICKET-5751_bcea89fc.diff,https://github.com/mechtaev/bugs-dot-jar-review/blob/master/wicket-bugs-dot-jar_WICKET-5751_bcea89fc.yml
wicket,WICKET-3539_a4459ef4.diff,https://github.com/mechtaev/bugs-dot-jar-review/blob/master/wicket-bugs-dot-jar_WICKET-3539_a4459ef4.diff,https://github.com/mechtaev/bugs-dot-jar-review/blob/master/wicket-bugs-dot-jar_WICKET-3539_a4459ef4.yml
wicket,WICKET-5345_3fc7234e.diff,https://github.com/mechtaev/bugs-dot-jar-review/blob/master/wicket-bugs-dot-jar_WICKET-5345_3fc7234e.diff,https://github.com/mechtaev/bugs-dot-jar-review/blob/master/wicket-bugs-dot-jar_WICKET-5345_3fc7234e.yml
wicket,WICKET-4072_7d5b8645.diff,https://github.com/mechtaev/bugs-dot-jar-review/blob/master/wicket-bugs-dot-jar_WICKET-4072_7d5b8645.diff,https://github.com/mechtaev/bugs-dot-jar-review/blob/master/wicket-bugs-dot-jar_WICKET-4072_7d5b8645.yml
wicket,WICKET-2057_e2d88568.diff,https://github.com/mechtaev/bugs-dot-jar-review/blob/master/wicket-bugs-dot-jar_WICKET-2057_e2d88568.diff,https://github.com/mechtaev/bugs-dot-jar-review/blob/master/wicket-bugs-dot-jar_WICKET-2057_e2d88568.yml
wicket,WICKET-4664_2fcb3417.diff,https://github.com/mechtaev/bugs-dot-jar-review/blob/master/wicket-bugs-dot-jar_WICKET-4664_2fcb3417.diff,https://github.com/mechtaev/bugs-dot-jar-review/blob/master/wicket-bugs-dot-jar_WICKET-4664_2fcb3417.yml
wicket,WICKET-5981_eb125865.diff,https://github.com/mechtaev/bugs-dot-jar-review/blob/master/wicket-bugs-dot-jar_WICKET-5981_eb125865.diff,https://github.com/mechtaev/bugs-dot-jar-review/blob/master/wicket-bugs-dot-jar_WICKET-5981_eb125865.yml
wicket,WICKET-4715_4fc82e35.diff,https://github.com/mechtaev/bugs-dot-jar-review/blob/master/wicket-bugs-dot-jar_WICKET-4715_4fc82e35.diff,https://github.com/mechtaev/bugs-dot-jar-review/blob/master/wicket-bugs-dot-jar_WICKET-4715_4fc82e35.yml
wicket,WICKET-4030_5f69685d.diff,https://github.com/mechtaev/bugs-dot-jar-review/blob/master/wicket-bugs-dot-jar_WICKET-4030_5f69685d.diff,https://github.com/mechtaev/bugs-dot-jar-review/blob/master/wicket-bugs-dot-jar_WICKET-4030_5f69685d.yml
wicket,WICKET-3222_5729ed90.diff,https://github.com/mechtaev/bugs-dot-jar-review/blob/master/wicket-bugs-dot-jar_WICKET-3222_5729ed90.diff,https://github.com/mechtaev/bugs-dot-jar-review/blob/master/wicket-bugs-dot-jar_WICKET-3222_5729ed90.yml
wicket,WICKET-3931_8fbdc68f.diff,https://github.com/mechtaev/bugs-dot-jar-review/blob/master/wicket-bugs-dot-jar_WICKET-3931_8fbdc68f.diff,https://github.com/mechtaev/bugs-dot-jar-review/blob/master/wicket-bugs-dot-jar_WICKET-3931_8fbdc68f.yml
wicket,WICKET-5165_0d4d1df7.diff,https://github.com/mechtaev/bugs-dot-jar-review/blob/master/wicket-bugs-dot-jar_WICKET-5165_0d4d1df7.diff,https://github.com/mechtaev/bugs-dot-jar-review/blob/master/wicket-bugs-dot-jar_WICKET-5165_0d4d1df7.yml
wicket,WICKET-4016_f1c9cef2.diff,https://github.com/mechtaev/bugs-dot-jar-review/blob/master/wicket-bugs-dot-jar_WICKET-4016_f1c9cef2.diff,https://github.com/mechtaev/bugs-dot-jar-review/blob/master/wicket-bugs-dot-jar_WICKET-4016_f1c9cef2.yml
wicket,WICKET-5441_8ccb1f6d.diff,https://github.com/mechtaev/bugs-dot-jar-review/blob/master/wicket-bugs-dot-jar_WICKET-5441_8ccb1f6d.diff,https://github.com/mechtaev/bugs-dot-jar-review/blob/master/wicket-bugs-dot-jar_WICKET-5441_8ccb1f6d.yml
wicket,WICKET-3647_1b57b51c.diff,https://github.com/mechtaev/bugs-dot-jar-review/blob/master/wicket-bugs-dot-jar_WICKET-3647_1b57b51c.diff,https://github.com/mechtaev/bugs-dot-jar-review/blob/master/wicket-bugs-dot-jar_WICKET-3647_1b57b51c.yml
wicket,WICKET-5359_61122bab.diff,https://github.com/mechtaev/bugs-dot-jar-review/blob/master/wicket-bugs-dot-jar_WICKET-5359_61122bab.diff,https://github.com/mechtaev/bugs-dot-jar-review/blob/master/wicket-bugs-dot-jar_WICKET-5359_61122bab.yml
